{"_step":0,"LR/lr":0.0001,"_wandb":{"runtime":100},"_timestamp":1.7497027400239143e+09,"Loss/train":3.738267421722412,"_runtime":100.5600667}